"Path","Hash"
"C:\LAB3\Evidence\auth_events_before_rotation.txt","7AFBCC1E63E6083FE440FEF8C42E22C1E44098FB0A628AC121D4701EF98E6AD4"
"C:\LAB3\Evidence\baseline_defender.txt","A118A8C2E348925CF5118F0118F2D8231E557C84F2A639A5F620CA48FD5635C8"
"C:\LAB3\Evidence\baseline_firewall.txt","63422460F398A5848552423D9D47BE7DCFA852A2F1765D5FE2F5716726FB9A40"
"C:\LAB3\Evidence\baseline_network.txt","8AE21B4ABD08109326172FF7DDE5645130629A5ED6A86772A1087487FBCA6536"
"C:\LAB3\Evidence\baseline_os.txt","EBF68DB1D9EC25B152DB4055CB8C9EFB545F35AEBE74D974D0D28B254CA7F4C3"
"C:\LAB3\Evidence\baseline_processes.txt","470269C5E32227E10D38ED5A9A8D3E89C22DED3169539FED540C1D7E798912B2"
"C:\LAB3\Evidence\ddos_top_sources.txt","0D6C340E037B634E45FEB37BF2B04DB8F3E5E3E2EE794FE1D6447514BB4069CA"
"C:\LAB3\Evidence\defender_eicar.txt","66CD300B420FB293AC505E88BC3F108008697FB9208BB3BBCC84B9F37D5E73B1"
"C:\LAB3\Evidence\local_load_test.txt","D1988B8EECED6AE1D0994C09BFFB0676872C781E47FCEE22A5417B7649E9F79F"
"C:\LAB3\Evidence\start_time.txt","55665AAC4B5DDA7E574A42A3B8CA88821DFB0AFDEFBDA4D90DAE322265ADBA17"
